[
  {
    "Level": 0,
    "Category": "Checker.Profile",
    "Time": "2019-03-19T21:29:48.3412316+08:00",
    "Content": "Starting"
  },
  {
    "Level": 0,
    "Category": "Checker.Profile",
    "Time": "2019-03-19T21:29:48.5119635+08:00",
    "Content": "Ended"
  },
  {
    "Level": 0,
    "Category": "Checker.Descriptions",
    "Time": "2019-03-19T21:29:48.5124458+08:00",
    "Content": "Starting"
  },
  {
    "Level": 0,
    "Category": "Checker.Descriptions",
    "Time": "2019-03-19T21:29:48.5136819+08:00",
    "Content": "Ended"
  },
  {
    "Level": 0,
    "Category": "Checker.Samples",
    "Time": "2019-03-19T21:29:48.516105+08:00",
    "Content": "Starting"
  },
  {
    "Level": 0,
    "Category": "Checker.Samples",
    "Time": "2019-03-19T21:29:48.5191133+08:00",
    "Content": "Sample 0"
  },
  {
    "Level": 0,
    "Category": "Checker.Samples",
    "Time": "2019-03-19T21:29:48.5201396+08:00",
    "Content": "Ended"
  },
  {
    "Level": 0,
    "Category": "Checker.Tests",
    "Time": "2019-03-19T21:29:48.5222402+08:00",
    "Content": "Starting"
  },
  {
    "Level": 0,
    "Category": "Checker.Tests",
    "Time": "2019-03-19T21:29:48.5238744+08:00",
    "Content": "Test 1"
  },
  {
    "Level": 0,
    "Category": "Checker.Tests",
    "Time": "2019-03-19T21:29:48.5239558+08:00",
    "Content": "Test 13"
  },
  {
    "Level": 0,
    "Category": "Checker.Tests",
    "Time": "2019-03-19T21:29:48.5240131+08:00",
    "Content": "Test 4"
  },
  {
    "Level": 0,
    "Category": "Checker.Tests",
    "Time": "2019-03-19T21:29:48.5240598+08:00",
    "Content": "Test 8"
  },
  {
    "Level": 0,
    "Category": "Checker.Tests",
    "Time": "2019-03-19T21:29:48.5241096+08:00",
    "Content": "Test 9"
  },
  {
    "Level": 0,
    "Category": "Checker.Tests",
    "Time": "2019-03-19T21:29:48.5241587+08:00",
    "Content": "Test 7"
  },
  {
    "Level": 0,
    "Category": "Checker.Tests",
    "Time": "2019-03-19T21:29:48.524215+08:00",
    "Content": "Test 10"
  },
  {
    "Level": 0,
    "Category": "Checker.Tests",
    "Time": "2019-03-19T21:29:48.5242595+08:00",
    "Content": "Test 5"
  },
  {
    "Level": 0,
    "Category": "Checker.Tests",
    "Time": "2019-03-19T21:29:48.5242976+08:00",
    "Content": "Test 6"
  },
  {
    "Level": 0,
    "Category": "Checker.Tests",
    "Time": "2019-03-19T21:29:48.524339+08:00",
    "Content": "Test 12"
  },
  {
    "Level": 0,
    "Category": "Checker.Tests",
    "Time": "2019-03-19T21:29:48.5243811+08:00",
    "Content": "Test 3"
  },
  {
    "Level": 0,
    "Category": "Checker.Tests",
    "Time": "2019-03-19T21:29:48.5244133+08:00",
    "Content": "Ended"
  },
  {
    "Level": 0,
    "Category": "Checker.LocalJudger",
    "Time": "2019-03-19T21:29:48.527227+08:00",
    "Content": "Starting"
  },
  {
    "Level": 0,
    "Category": "Checker.LocalJudger",
    "Time": "2019-03-19T21:29:48.5450596+08:00",
    "Content": "Sample 0: Accept"
  },
  {
    "Level": 0,
    "Category": "Checker.LocalJudger",
    "Time": "2019-03-19T21:29:48.5546532+08:00",
    "Content": "Test 1: Accept"
  },
  {
    "Level": 0,
    "Category": "Checker.LocalJudger",
    "Time": "2019-03-19T21:29:48.5572433+08:00",
    "Content": "Test 13: Accept"
  },
  {
    "Level": 0,
    "Category": "Checker.LocalJudger",
    "Time": "2019-03-19T21:29:48.5762832+08:00",
    "Content": "Test 4: Accept"
  },
  {
    "Level": 0,
    "Category": "Checker.LocalJudger",
    "Time": "2019-03-19T21:29:48.5884527+08:00",
    "Content": "Test 8: Accept"
  },
  {
    "Level": 0,
    "Category": "Checker.LocalJudger",
    "Time": "2019-03-19T21:29:48.602897+08:00",
    "Content": "Test 9: Accept"
  },
  {
    "Level": 0,
    "Category": "Checker.LocalJudger",
    "Time": "2019-03-19T21:29:48.6215677+08:00",
    "Content": "Test 7: Accept"
  },
  {
    "Level": 0,
    "Category": "Checker.LocalJudger",
    "Time": "2019-03-19T21:29:48.6238228+08:00",
    "Content": "Test 10: Accept"
  },
  {
    "Level": 0,
    "Category": "Checker.LocalJudger",
    "Time": "2019-03-19T21:29:48.6314006+08:00",
    "Content": "Test 5: Accept"
  },
  {
    "Level": 0,
    "Category": "Checker.LocalJudger",
    "Time": "2019-03-19T21:29:48.6444119+08:00",
    "Content": "Test 6: Accept"
  },
  {
    "Level": 0,
    "Category": "Checker.LocalJudger",
    "Time": "2019-03-19T21:29:48.6488919+08:00",
    "Content": "Test 12: Accept"
  },
  {
    "Level": 0,
    "Category": "Checker.LocalJudger",
    "Time": "2019-03-19T21:29:48.6516969+08:00",
    "Content": "Test 3: Accept"
  },
  {
    "Level": 0,
    "Category": "Checker.LocalJudger",
    "Time": "2019-03-19T21:29:48.6517359+08:00",
    "Content": "Ended"
  },
  {
    "Level": 0,
    "Category": "Packer.Create",
    "Time": "2019-03-19T21:29:48.6609409+08:00",
    "Content": "Starting"
  },
  {
    "Level": 0,
    "Category": "Packer.Create",
    "Time": "2019-03-19T21:29:48.6632097+08:00",
    "Content": "Ended"
  },
  {
    "Level": 0,
    "Category": "Packer.Metadata",
    "Time": "2019-03-19T21:29:48.6636799+08:00",
    "Content": "Starting"
  },
  {
    "Level": 0,
    "Category": "Packer.Metadata",
    "Time": "2019-03-19T21:29:48.6672464+08:00",
    "Content": "Ended"
  },
  {
    "Level": 0,
    "Category": "Packer.SourceCode",
    "Time": "2019-03-19T21:29:48.6675668+08:00",
    "Content": "Starting"
  },
  {
    "Level": 0,
    "Category": "Packer.SourceCode",
    "Time": "2019-03-19T21:29:48.6676897+08:00",
    "Content": "Ended"
  },
  {
    "Level": 0,
    "Category": "HustOJ.Packer.FPS",
    "Time": "2019-03-19T21:29:48.6752692+08:00",
    "Content": "Starting"
  },
  {
    "Level": 0,
    "Category": "HustOJ.Packer.FPS",
    "Time": "2019-03-19T21:29:48.8719953+08:00",
    "Content": "Ended"
  },
  {
    "Level": 0,
    "Category": "Packer.Package",
    "Time": "2019-03-19T21:29:48.8728467+08:00",
    "Content": "Starting"
  },
  {
    "Level": 0,
    "Category": "Packer.Package",
    "Time": "2019-03-19T21:29:48.9189814+08:00",
    "Content": "Ended"
  },
  {
    "Level": 0,
    "Category": "Packer.Save",
    "Time": "2019-03-19T21:29:48.9199874+08:00",
    "Content": "Starting"
  },
  {
    "Level": 0,
    "Category": "Packer.Save",
    "Time": "2019-03-19T21:29:48.9245311+08:00",
    "Content": "Ended"
  }
]
