[
  {
    "Level": 0,
    "Category": "Checker.Profile",
    "Time": "2019-03-18T23:14:00.8965731+08:00",
    "Content": "Starting"
  },
  {
    "Level": 0,
    "Category": "Checker.Profile",
    "Time": "2019-03-18T23:14:01.0464203+08:00",
    "Content": "Ended"
  },
  {
    "Level": 0,
    "Category": "Checker.Descriptions",
    "Time": "2019-03-18T23:14:01.0470186+08:00",
    "Content": "Starting"
  },
  {
    "Level": 0,
    "Category": "Checker.Descriptions",
    "Time": "2019-03-18T23:14:01.0485464+08:00",
    "Content": "Ended"
  },
  {
    "Level": 0,
    "Category": "Checker.Samples",
    "Time": "2019-03-18T23:14:01.051525+08:00",
    "Content": "Starting"
  },
  {
    "Level": 0,
    "Category": "Checker.Samples",
    "Time": "2019-03-18T23:14:01.0552714+08:00",
    "Content": "Sample 0"
  },
  {
    "Level": 0,
    "Category": "Checker.Samples",
    "Time": "2019-03-18T23:14:01.0566408+08:00",
    "Content": "Ended"
  },
  {
    "Level": 0,
    "Category": "Checker.Tests",
    "Time": "2019-03-18T23:14:01.0602017+08:00",
    "Content": "Starting"
  },
  {
    "Level": 0,
    "Category": "Checker.Tests",
    "Time": "2019-03-18T23:14:01.0617613+08:00",
    "Content": "Test 1"
  },
  {
    "Level": 0,
    "Category": "Checker.Tests",
    "Time": "2019-03-18T23:14:01.0618276+08:00",
    "Content": "Test 13"
  },
  {
    "Level": 0,
    "Category": "Checker.Tests",
    "Time": "2019-03-18T23:14:01.0618817+08:00",
    "Content": "Test 4"
  },
  {
    "Level": 0,
    "Category": "Checker.Tests",
    "Time": "2019-03-18T23:14:01.0619308+08:00",
    "Content": "Test 8"
  },
  {
    "Level": 0,
    "Category": "Checker.Tests",
    "Time": "2019-03-18T23:14:01.0619834+08:00",
    "Content": "Test 9"
  },
  {
    "Level": 0,
    "Category": "Checker.Tests",
    "Time": "2019-03-18T23:14:01.0620335+08:00",
    "Content": "Test 7"
  },
  {
    "Level": 0,
    "Category": "Checker.Tests",
    "Time": "2019-03-18T23:14:01.062089+08:00",
    "Content": "Test 10"
  },
  {
    "Level": 0,
    "Category": "Checker.Tests",
    "Time": "2019-03-18T23:14:01.0621389+08:00",
    "Content": "Test 5"
  },
  {
    "Level": 0,
    "Category": "Checker.Tests",
    "Time": "2019-03-18T23:14:01.0621908+08:00",
    "Content": "Test 6"
  },
  {
    "Level": 0,
    "Category": "Checker.Tests",
    "Time": "2019-03-18T23:14:01.0622425+08:00",
    "Content": "Test 12"
  },
  {
    "Level": 0,
    "Category": "Checker.Tests",
    "Time": "2019-03-18T23:14:01.0622908+08:00",
    "Content": "Test 3"
  },
  {
    "Level": 0,
    "Category": "Checker.Tests",
    "Time": "2019-03-18T23:14:01.0623264+08:00",
    "Content": "Ended"
  },
  {
    "Level": 0,
    "Category": "Checker.LocalJudger",
    "Time": "2019-03-18T23:14:01.0657604+08:00",
    "Content": "Starting"
  },
  {
    "Level": 0,
    "Category": "Checker.LocalJudger",
    "Time": "2019-03-18T23:14:01.0860089+08:00",
    "Content": "Sample 0: Accept"
  },
  {
    "Level": 0,
    "Category": "Checker.LocalJudger",
    "Time": "2019-03-18T23:14:01.0994683+08:00",
    "Content": "Test 1: Accept"
  },
  {
    "Level": 0,
    "Category": "Checker.LocalJudger",
    "Time": "2019-03-18T23:14:01.103196+08:00",
    "Content": "Test 13: Accept"
  },
  {
    "Level": 0,
    "Category": "Checker.LocalJudger",
    "Time": "2019-03-18T23:14:01.1282975+08:00",
    "Content": "Test 4: Accept"
  },
  {
    "Level": 0,
    "Category": "Checker.LocalJudger",
    "Time": "2019-03-18T23:14:01.1455129+08:00",
    "Content": "Test 8: Accept"
  },
  {
    "Level": 0,
    "Category": "Checker.LocalJudger",
    "Time": "2019-03-18T23:14:01.1623916+08:00",
    "Content": "Test 9: Accept"
  },
  {
    "Level": 0,
    "Category": "Checker.LocalJudger",
    "Time": "2019-03-18T23:14:01.1863759+08:00",
    "Content": "Test 7: Accept"
  },
  {
    "Level": 0,
    "Category": "Checker.LocalJudger",
    "Time": "2019-03-18T23:14:01.1894561+08:00",
    "Content": "Test 10: Accept"
  },
  {
    "Level": 0,
    "Category": "Checker.LocalJudger",
    "Time": "2019-03-18T23:14:01.200064+08:00",
    "Content": "Test 5: Accept"
  },
  {
    "Level": 0,
    "Category": "Checker.LocalJudger",
    "Time": "2019-03-18T23:14:01.2166819+08:00",
    "Content": "Test 6: Accept"
  },
  {
    "Level": 0,
    "Category": "Checker.LocalJudger",
    "Time": "2019-03-18T23:14:01.223509+08:00",
    "Content": "Test 12: Accept"
  },
  {
    "Level": 0,
    "Category": "Checker.LocalJudger",
    "Time": "2019-03-18T23:14:01.2272203+08:00",
    "Content": "Test 3: Accept"
  },
  {
    "Level": 0,
    "Category": "Checker.LocalJudger",
    "Time": "2019-03-18T23:14:01.2272657+08:00",
    "Content": "Ended"
  },
  {
    "Level": 0,
    "Category": "Packer.Create",
    "Time": "2019-03-18T23:14:01.2355042+08:00",
    "Content": "Starting"
  },
  {
    "Level": 0,
    "Category": "Packer.Create",
    "Time": "2019-03-18T23:14:01.2373948+08:00",
    "Content": "Ended"
  },
  {
    "Level": 0,
    "Category": "Packer.Metadata",
    "Time": "2019-03-18T23:14:01.2381123+08:00",
    "Content": "Starting"
  },
  {
    "Level": 0,
    "Category": "Packer.Metadata",
    "Time": "2019-03-18T23:14:01.2411923+08:00",
    "Content": "Ended"
  },
  {
    "Level": 0,
    "Category": "Packer.SourceCode",
    "Time": "2019-03-18T23:14:01.2415802+08:00",
    "Content": "Starting"
  },
  {
    "Level": 0,
    "Category": "Packer.SourceCode",
    "Time": "2019-03-18T23:14:01.2417401+08:00",
    "Content": "Ended"
  },
  {
    "Level": 0,
    "Category": "HustOJ.Packer.FPS",
    "Time": "2019-03-18T23:14:01.2468115+08:00",
    "Content": "Starting"
  },
  {
    "Level": 0,
    "Category": "HustOJ.Packer.FPS",
    "Time": "2019-03-18T23:14:01.4599959+08:00",
    "Content": "Ended"
  },
  {
    "Level": 0,
    "Category": "Packer.Package",
    "Time": "2019-03-18T23:14:01.4609179+08:00",
    "Content": "Starting"
  },
  {
    "Level": 0,
    "Category": "Packer.Package",
    "Time": "2019-03-18T23:14:01.5183047+08:00",
    "Content": "Ended"
  },
  {
    "Level": 0,
    "Category": "Packer.Save",
    "Time": "2019-03-18T23:14:01.5195037+08:00",
    "Content": "Starting"
  },
  {
    "Level": 0,
    "Category": "Packer.Save",
    "Time": "2019-03-18T23:14:01.5247689+08:00",
    "Content": "Ended"
  }
]
